0,1,2,3,4,5,6,7
0,1,1,[ 9  1 17],[ 9 10 13],17.0,9.0,8.0
1,3,1,[18  2 34],[26 14 13],17.0,6.5,8.0
2,3,3,[31 13 34],[43 18 13],11.333333333333334,4.333333333333333,2.333333333333334
3,3,3,[44 24 34],[60 22 13],11.0,3.25,2.0
4,1,3,[57 35 34],[69 32 26],11.4,5.2,2.0
5,1,3,[70 46 34],[78 42 39],11.666666666666666,6.5,2.0
6,1,3,[83 57 34],[87 52 52],11.857142857142858,7.428571428571429,2.0
7,1,3,[96 68 34],[96 62 65],12.0,7.75,2.0
8,1,2,[106  86  38],[105  72  78],11.777777777777779,8.0,2.0
9,1,2,[116 104  42],[114  82  91],11.6,8.2,2.0
10,1,2,[126 122  46],[123  92 104],11.454545454545455,8.363636363636363,2.0
11,1,2,[136 140  50],[132 102 117],11.666666666666666,8.5,2.0
12,2,2,[146 158  54],[133 120 128],12.153846153846153,9.23076923076923,1.76923076923077
13,2,2,[156 176  58],[134 138 139],12.571428571428571,9.571428571428571,1.4285714285714288
14,2,1,[165 177  75],[135 156 150],11.8,9.0,1.4285714285714288
15,2,1,[174 178  92],[136 174 161],11.125,8.5,1.4285714285714288
16,2,1,[183 179 109],[137 192 172],10.764705882352942,8.058823529411764,1.1932773109243708
17,1,1,[192 180 126],[146 202 185],10.666666666666666,8.11111111111111,1.095238095238095
18,1,1,[201 181 143],[155 212 198],10.578947368421053,8.157894736842104,1.007518796992482
19,1,1,[210 182 160],[164 222 211],10.5,8.2,0.9285714285714288
20,1,1,[219 183 177],[173 232 224],10.428571428571429,8.238095238095237,0.8571428571428577
21,1,1,[228 184 194],[182 242 237],10.363636363636363,8.272727272727273,0.7922077922077921
22,1,1,[237 185 211],[191 252 250],10.304347826086957,8.304347826086957,0.7329192546583858
23,1,1,[246 186 228],[200 262 263],10.25,8.333333333333334,0.6785714285714288
24,1,1,[255 187 245],[209 272 276],10.2,8.36,0.6285714285714281
25,1,1,[264 188 262],[218 282 289],10.153846153846153,8.384615384615385,0.5824175824175821
26,1,1,[273 189 279],[227 292 302],10.333333333333334,8.407407407407407,0.5824175824175821
27,3,1,[282 190 296],[244 296 302],10.571428571428571,8.714285714285714,0.5824175824175821
28,3,1,[291 191 313],[261 300 302],10.793103448275861,9.0,0.5824175824175821
29,3,1,[300 192 330],[278 304 302],11.0,9.266666666666667,0.5824175824175821
30,3,1,[309 193 347],[295 308 302],11.193548387096774,9.516129032258064,0.5824175824175821
31,3,1,[318 194 364],[312 312 302],11.375,9.4375,0.5824175824175821
32,3,3,[331 205 364],[329 316 302],11.030303030303031,9.151515151515152,0.5824175824175821
33,3,3,[344 216 364],[346 320 302],10.705882352941176,8.882352941176471,0.5824175824175821
34,3,3,[357 227 364],[363 324 302],10.4,8.628571428571428,0.5824175824175821
35,3,3,[370 238 364],[380 328 302],10.277777777777779,8.38888888888889,0.5824175824175821
36,1,3,[383 249 364],[389 338 315],10.35135135135135,8.513513513513514,0.5824175824175821
37,1,3,[396 260 364],[398 348 328],10.421052631578947,8.631578947368421,0.5824175824175821
38,1,3,[409 271 364],[407 358 341],10.487179487179487,8.743589743589743,0.5824175824175821
39,1,3,[422 282 364],[416 368 354],10.55,8.85,0.5824175824175821
40,1,3,[435 293 364],[425 378 367],10.609756097560975,8.951219512195122,0.5824175824175821
41,1,3,[448 304 364],[434 388 380],10.666666666666666,9.047619047619047,0.5824175824175821
42,1,3,[461 315 364],[443 398 393],10.720930232558139,9.13953488372093,0.5824175824175821
43,1,3,[474 326 364],[452 408 406],10.772727272727273,9.227272727272727,0.5824175824175821
44,1,3,[487 337 364],[461 418 419],10.822222222222223,9.28888888888889,0.5824175824175821
45,1,2,[497 355 368],[470 428 432],10.804347826086957,9.304347826086957,0.5824175824175821
46,1,2,[507 373 372],[479 438 445],10.787234042553191,9.319148936170214,0.5824175824175821
47,1,2,[517 391 376],[488 448 458],10.770833333333334,9.333333333333334,0.5824175824175821
48,1,2,[527 409 380],[497 458 471],10.755102040816327,9.346938775510203,0.5824175824175821
49,1,2,[537 427 384],[506 468 484],10.74,9.36,0.5824175824175821
50,1,2,[547 445 388],[515 478 497],10.72549019607843,9.372549019607844,0.5824175824175821
51,1,2,[557 463 392],[524 488 510],10.711538461538462,9.384615384615385,0.5824175824175821
52,1,2,[567 481 396],[533 498 523],10.69811320754717,9.39622641509434,0.5824175824175821
53,1,2,[577 499 400],[542 508 536],10.685185185185185,9.407407407407407,0.5824175824175821
54,1,2,[587 517 404],[551 518 549],10.672727272727272,9.418181818181818,0.5824175824175821
55,1,2,[597 535 408],[560 528 562],10.660714285714286,9.428571428571429,0.5824175824175821
56,1,2,[607 553 412],[569 538 575],10.649122807017545,9.43859649122807,0.5824175824175821
57,1,2,[617 571 416],[578 548 588],10.637931034482758,9.448275862068966,0.5824175824175821
58,1,2,[627 589 420],[587 558 601],10.627118644067796,9.457627118644067,0.5824175824175821
59,1,2,[637 607 424],[596 568 614],10.616666666666667,9.466666666666667,0.5824175824175821
60,1,2,[647 625 428],[605 578 627],10.60655737704918,9.475409836065573,0.5824175824175821
61,1,2,[657 643 432],[614 588 640],10.596774193548388,9.483870967741936,0.5824175824175821
62,1,2,[667 661 436],[623 598 653],10.587301587301587,9.492063492063492,0.5824175824175821
63,1,2,[677 679 440],[632 608 666],10.609375,9.5,0.5824175824175821
64,2,2,[687 697 444],[633 626 677],10.723076923076922,9.63076923076923,0.523076923076923
65,2,2,[697 715 448],[634 644 688],10.833333333333334,9.606060606060606,0.523076923076923
66,2,1,[706 716 465],[635 662 699],10.686567164179104,9.477611940298507,0.523076923076923
67,2,1,[715 717 482],[636 680 710],10.544117647058824,9.352941176470589,0.523076923076923
68,2,1,[724 718 499],[637 698 721],10.492753623188406,9.231884057971014,0.523076923076923
69,1,1,[733 719 516],[646 708 734],10.471428571428572,9.228571428571428,0.523076923076923
70,1,1,[742 720 533],[655 718 747],10.450704225352112,9.225352112676056,0.523076923076923
71,1,1,[751 721 550],[664 728 760],10.430555555555555,9.222222222222221,0.523076923076923
72,1,1,[760 722 567],[673 738 773],10.41095890410959,9.219178082191782,0.523076923076923
73,1,1,[769 723 584],[682 748 786],10.391891891891891,9.216216216216216,0.523076923076923
74,1,1,[778 724 601],[691 758 799],10.373333333333333,9.213333333333333,0.523076923076923
75,1,1,[787 725 618],[700 768 812],10.355263157894736,9.210526315789474,0.523076923076923
76,1,1,[796 726 635],[709 778 825],10.337662337662337,9.207792207792208,0.523076923076923
77,1,1,[805 727 652],[718 788 838],10.320512820512821,9.205128205128204,0.523076923076923
78,1,1,[814 728 669],[727 798 851],10.30379746835443,9.20253164556962,0.523076923076923
79,1,1,[823 729 686],[736 808 864],10.2875,9.2,0.523076923076923
80,1,1,[832 730 703],[745 818 877],10.271604938271604,9.197530864197532,0.523076923076923
81,1,1,[841 731 720],[754 828 890],10.25609756097561,9.195121951219512,0.523076923076923
82,1,1,[850 732 737],[763 838 903],10.240963855421686,9.19277108433735,0.523076923076923
83,1,1,[859 733 754],[772 848 916],10.226190476190476,9.19047619047619,0.523076923076923
84,1,1,[868 734 771],[781 858 929],10.211764705882352,9.188235294117646,0.523076923076923
85,1,1,[877 735 788],[790 868 942],10.19767441860465,9.186046511627907,0.523076923076923
86,1,1,[886 736 805],[799 878 955],10.183908045977011,9.183908045977011,0.523076923076923
87,1,1,[895 737 822],[808 888 968],10.170454545454545,9.181818181818182,0.523076923076923
88,1,1,[904 738 839],[817 898 981],10.157303370786517,9.179775280898877,0.523076923076923
89,1,1,[913 739 856],[826 908 994],10.144444444444444,9.177777777777777,0.5136752136752136
90,1,1,[922 740 873],[ 835  918 1007],10.131868131868131,9.175824175824175,0.5010989010989011
91,1,1,[931 741 890],[ 844  928 1020],10.119565217391305,9.173913043478262,0.48879598662207435
92,1,1,[940 742 907],[ 853  938 1033],10.10752688172043,9.172043010752688,0.4767576509511997
93,1,1,[949 743 924],[ 862  948 1046],10.095744680851064,9.170212765957446,0.46497545008183394
94,1,1,[958 744 941],[ 871  958 1059],10.08421052631579,9.16842105263158,0.45344129554655943
95,1,1,[967 745 958],[ 880  968 1072],10.072916666666666,9.166666666666666,0.44214743589743577
96,1,1,[976 746 975],[ 889  978 1085],10.061855670103093,9.164948453608247,0.43108643933386226
97,1,1,[985 747 992],[ 898  988 1098],10.122448979591837,9.16326530612245,0.43108643933386226
98,3,1,[ 994  748 1009],[ 915  992 1098],10.191919191919192,9.242424242424242,0.43108643933386226
99,3,1,[1003  749 1026],[ 932  996 1098],10.26,9.32,0.43108643933386226
100,3,1,[1012  750 1043],[ 949 1000 1098],10.326732673267326,9.396039603960396,0.43108643933386226
101,3,1,[1021  751 1060],[ 966 1004 1098],10.392156862745098,9.470588235294118,0.43108643933386226
102,3,1,[1030  752 1077],[ 983 1008 1098],10.45631067961165,9.54368932038835,0.43108643933386226
103,3,1,[1039  753 1094],[1000 1012 1098],10.51923076923077,9.615384615384615,0.43108643933386226
104,3,1,[1048  754 1111],[1017 1016 1098],10.58095238095238,9.676190476190476,0.385665193912617
105,3,2,[1058  772 1115],[1034 1020 1098],10.518867924528301,9.622641509433961,0.385665193912617
106,3,2,[1068  790 1119],[1051 1024 1098],10.457943925233645,9.570093457943925,0.385665193912617
107,3,2,[1078  808 1123],[1068 1028 1098],10.398148148148149,9.518518518518519,0.385665193912617
108,3,2,[1088  826 1127],[1085 1032 1098],10.339449541284404,9.46788990825688,0.385665193912617
109,3,2,[1098  844 1131],[1102 1036 1098],10.281818181818181,9.418181818181818,0.385665193912617
110,3,2,[1108  862 1135],[1119 1040 1098],10.225225225225225,9.36936936936937,0.385665193912617
111,3,2,[1118  880 1139],[1136 1044 1098],10.169642857142858,9.321428571428571,0.385665193912617
112,3,2,[1128  898 1143],[1153 1048 1098],10.11504424778761,9.274336283185841,0.385665193912617
113,3,2,[1138  916 1147],[1170 1052 1098],10.06140350877193,9.228070175438596,0.38521303258145423
114,3,2,[1148  934 1151],[1187 1056 1098],10.008695652173913,9.182608695652174,0.332505175983437
115,3,2,[1158  952 1155],[1204 1060 1098],9.982758620689655,9.137931034482758,0.30656814449917924
116,1,2,[1168  970 1159],[1213 1070 1111],9.982905982905983,9.145299145299145,0.30656814449917924
117,1,2,[1178  988 1163],[1222 1080 1124],9.983050847457626,9.152542372881356,0.30656814449917924
118,1,2,[1188 1006 1167],[1231 1090 1137],9.983193277310924,9.159663865546218,0.30656814449917924
119,1,2,[1198 1024 1171],[1240 1100 1150],9.983333333333333,9.166666666666666,0.30656814449917924
120,1,2,[1208 1042 1175],[1249 1110 1163],9.983471074380166,9.173553719008265,0.30656814449917924
121,1,2,[1218 1060 1179],[1258 1120 1176],9.98360655737705,9.180327868852459,0.30656814449917924
122,1,2,[1228 1078 1183],[1267 1130 1189],9.983739837398375,9.1869918699187,0.30656814449917924
123,1,2,[1238 1096 1187],[1276 1140 1202],9.983870967741936,9.193548387096774,0.30656814449917924
124,1,2,[1248 1114 1191],[1285 1150 1215],9.984,9.2,0.30656814449917924
125,1,2,[1258 1132 1195],[1294 1160 1228],9.984126984126984,9.206349206349206,0.30656814449917924
126,1,2,[1268 1150 1199],[1303 1170 1241],9.984251968503937,9.21259842519685,0.30656814449917924
127,1,2,[1278 1168 1203],[1312 1180 1254],9.984375,9.21875,0.30656814449917924
128,1,2,[1288 1186 1207],[1321 1190 1267],9.984496124031008,9.224806201550388,0.30656814449917924
129,1,2,[1298 1204 1211],[1330 1200 1280],9.984615384615385,9.23076923076923,0.30656814449917924
130,1,2,[1308 1222 1215],[1339 1210 1293],9.98473282442748,9.236641221374045,0.30656814449917924
131,1,2,[1318 1240 1219],[1348 1220 1306],9.984848484848484,9.242424242424242,0.30656814449917924
132,1,2,[1328 1258 1223],[1357 1230 1319],9.984962406015038,9.24812030075188,0.30656814449917924
133,1,2,[1338 1276 1227],[1366 1240 1332],9.985074626865671,9.253731343283581,0.30656814449917924
134,1,2,[1348 1294 1231],[1375 1250 1345],9.985185185185186,9.25925925925926,0.30656814449917924
135,1,2,[1358 1312 1235],[1384 1260 1358],9.985294117647058,9.264705882352942,0.30656814449917924
136,1,2,[1368 1330 1239],[1393 1270 1371],9.985401459854014,9.27007299270073,0.30656814449917924
137,1,2,[1378 1348 1243],[1402 1280 1384],9.985507246376812,9.27536231884058,0.30656814449917924
138,1,2,[1388 1366 1247],[1411 1290 1397],9.985611510791367,9.280575539568344,0.30656814449917924
139,1,2,[1398 1384 1251],[1420 1300 1410],9.985714285714286,9.285714285714286,0.30656814449917924
140,1,2,[1408 1402 1255],[1429 1310 1423],9.98581560283688,9.290780141843971,0.30656814449917924
141,1,2,[1418 1420 1259],[1438 1320 1436],10.0,9.295774647887324,0.30656814449917924
142,2,2,[1428 1438 1263],[1439 1338 1447],10.055944055944057,9.356643356643357,0.30656814449917924
143,2,2,[1438 1456 1267],[1440 1356 1458],10.11111111111111,9.416666666666666,0.30656814449917924
144,2,2,[1448 1474 1271],[1441 1374 1469],10.16551724137931,9.475862068965517,0.30656814449917924
145,2,2,[1458 1492 1275],[1442 1392 1480],10.219178082191782,9.534246575342467,0.30656814449917924
146,2,2,[1468 1510 1279],[1443 1410 1491],10.272108843537415,9.591836734693878,0.30656814449917924
147,2,2,[1478 1528 1283],[1444 1428 1502],10.324324324324325,9.64864864864865,0.30656814449917924
148,2,2,[1488 1546 1287],[1445 1446 1513],10.375838926174497,9.697986577181208,0.28477204350844687
149,2,1,[1497 1547 1304],[1446 1464 1524],10.313333333333333,9.64,0.28477204350844687
150,2,1,[1506 1548 1321],[1447 1482 1535],10.251655629139073,9.582781456953642,0.28477204350844687
151,2,1,[1515 1549 1338],[1448 1500 1546],10.19078947368421,9.526315789473685,0.28477204350844687
152,2,1,[1524 1550 1355],[1449 1518 1557],10.130718954248366,9.470588235294118,0.28477204350844687
153,2,1,[1533 1551 1372],[1450 1536 1568],10.071428571428571,9.415584415584416,0.28477204350844687
154,2,1,[1542 1552 1389],[1451 1554 1579],10.012903225806452,9.361290322580645,0.28477204350844687
155,2,1,[1551 1553 1406],[1452 1572 1590],9.955128205128204,9.307692307692308,0.25714162794699646
156,2,1,[1560 1554 1423],[1453 1590 1601],9.936305732484076,9.254777070063694,0.23831915530286807
157,1,1,[1569 1555 1440],[1462 1600 1614],9.930379746835444,9.253164556962025,0.23239316965423562
158,1,1,[1578 1556 1457],[1471 1610 1627],9.924528301886792,9.251572327044025,0.22654172470558365
159,1,1,[1587 1557 1474],[1480 1620 1640],9.91875,9.25,0.22076342281879135
160,1,1,[1596 1558 1491],[1489 1630 1653],9.91304347826087,9.248447204968944,0.21505690107966124
161,1,1,[1605 1559 1508],[1498 1640 1666],9.907407407407407,9.246913580246913,0.20942083022619862
162,1,1,[1614 1560 1525],[1507 1650 1679],9.901840490797547,9.245398773006135,0.20385391361633864
163,1,1,[1623 1561 1542],[1516 1660 1692],9.896341463414634,9.24390243902439,0.19835488623342634
164,1,1,[1632 1562 1559],[1525 1670 1705],9.89090909090909,9.242424242424242,0.19292251372788272
165,1,1,[1641 1563 1576],[1534 1680 1718],9.885542168674698,9.240963855421686,0.18755559149349033
166,1,1,[1650 1564 1593],[1543 1690 1731],9.880239520958083,9.239520958083832,0.1822529437768754
167,1,1,[1659 1565 1610],[1552 1700 1744],9.875,9.238095238095237,0.17701342281879207
168,1,1,[1668 1566 1627],[1561 1710 1757],9.8698224852071,9.236686390532544,0.17183590802589244
169,1,1,[1677 1567 1644],[1570 1720 1770],9.864705882352942,9.235294117647058,0.16671930517173372
170,1,1,[1686 1568 1661],[1579 1730 1783],9.859649122807017,9.23391812865497,0.16166254562580917
171,1,1,[1695 1569 1678],[1588 1740 1796],9.854651162790697,9.232558139534884,0.15666458560948904
172,1,1,[1704 1570 1695],[1597 1750 1809],9.84971098265896,9.23121387283237,0.15172440547775246
173,1,1,[1713 1571 1712],[1606 1760 1822],9.844827586206897,9.229885057471265,0.14684100902568886
174,1,1,[1722 1572 1729],[1615 1770 1835],9.88,9.228571428571428,0.14684100902568886
175,3,1,[1731 1573 1746],[1632 1774 1835],9.920454545454545,9.272727272727273,0.14684100902568886
176,3,1,[1740 1574 1763],[1649 1778 1835],9.96045197740113,9.31638418079096,0.14684100902568886
177,3,1,[1749 1575 1780],[1666 1782 1835],10.0,9.359550561797754,0.14684100902568886
178,3,1,[1758 1576 1797],[1683 1786 1835],10.039106145251397,9.402234636871508,0.14684100902568886
179,3,1,[1767 1577 1814],[1700 1790 1835],10.077777777777778,9.444444444444445,0.14684100902568886
180,3,1,[1776 1578 1831],[1717 1794 1835],10.116022099447514,9.486187845303867,0.14684100902568886
181,3,1,[1785 1579 1848],[1734 1798 1835],10.153846153846153,9.527472527472527,0.14684100902568886
182,3,1,[1794 1580 1865],[1751 1802 1835],10.191256830601093,9.568306010928962,0.14684100902568886
183,3,1,[1803 1581 1882],[1768 1806 1835],10.228260869565217,9.608695652173912,0.14684100902568886
184,3,1,[1812 1582 1899],[1785 1810 1835],10.264864864864865,9.64864864864865,0.14684100902568886
185,3,1,[1821 1583 1916],[1802 1814 1835],10.301075268817204,9.688172043010752,0.14684100902568886
186,3,1,[1830 1584 1933],[1819 1818 1835],10.336898395721924,9.72192513368984,0.12290245251705656
187,3,2,[1840 1602 1937],[1836 1822 1835],10.303191489361701,9.691489361702128,0.12290245251705656
188,3,2,[1850 1620 1941],[1853 1826 1835],10.26984126984127,9.661375661375661,0.12290245251705656
189,3,2,[1860 1638 1945],[1870 1830 1835],10.236842105263158,9.631578947368421,0.12290245251705656
190,3,2,[1870 1656 1949],[1887 1834 1835],10.204188481675393,9.602094240837696,0.12290245251705656
191,3,2,[1880 1674 1953],[1904 1838 1835],10.171875,9.557291666666666,0.12290245251705656
192,3,3,[1893 1685 1953],[1921 1842 1835],10.119170984455959,9.507772020725389,0.12290245251705656
193,3,3,[1906 1696 1953],[1938 1846 1835],10.06701030927835,9.458762886597938,0.12290245251705656
194,3,3,[1919 1707 1953],[1955 1850 1835],10.015384615384615,9.41025641025641,0.12290245251705656
195,3,3,[1932 1718 1953],[1972 1854 1835],9.964285714285714,9.362244897959183,0.12290245251705656
196,3,3,[1945 1729 1953],[1989 1858 1835],9.913705583756345,9.314720812182742,0.12290245251705656
197,3,3,[1958 1740 1953],[2006 1862 1835],9.88888888888889,9.267676767676768,0.12290245251705656
198,1,3,[1971 1751 1953],[2015 1872 1848],9.904522613065327,9.28643216080402,0.12290245251705656
199,1,3,[1984 1762 1953],[2024 1882 1861],9.92,9.305,0.12290245251705656
200,1,3,[1997 1773 1953],[2033 1892 1874],9.935323383084578,9.323383084577115,0.12290245251705656
201,1,3,[2010 1784 1953],[2042 1902 1887],9.950495049504951,9.341584158415841,0.12290245251705656
202,1,3,[2023 1795 1953],[2051 1912 1900],9.96551724137931,9.35960591133005,0.12290245251705656
203,1,3,[2036 1806 1953],[2060 1922 1913],9.980392156862745,9.377450980392156,0.12290245251705656
204,1,3,[2049 1817 1953],[2069 1932 1926],9.995121951219513,9.395121951219512,0.12290245251705656
205,1,3,[2062 1828 1953],[2078 1942 1939],10.009708737864077,9.412621359223301,0.12290245251705656
206,1,3,[2075 1839 1953],[2087 1952 1952],10.02415458937198,9.429951690821255,0.12290245251705656
207,1,2,[2085 1857 1957],[2096 1962 1965],10.024038461538462,9.432692307692308,0.12290245251705656
208,1,2,[2095 1875 1961],[2105 1972 1978],10.023923444976077,9.435406698564593,0.12290245251705656
209,1,2,[2105 1893 1965],[2114 1982 1991],10.023809523809524,9.438095238095238,0.12290245251705656
210,1,2,[2115 1911 1969],[2123 1992 2004],10.023696682464456,9.440758293838863,0.12290245251705656
211,1,2,[2125 1929 1973],[2132 2002 2017],10.023584905660377,9.443396226415095,0.12290245251705656
212,1,2,[2135 1947 1977],[2141 2012 2030],10.023474178403756,9.446009389671362,0.12290245251705656
213,1,2,[2145 1965 1981],[2150 2022 2043],10.023364485981308,9.448598130841122,0.12290245251705656
214,1,2,[2155 1983 1985],[2159 2032 2056],10.023255813953488,9.451162790697675,0.12290245251705656
215,1,2,[2165 2001 1989],[2168 2042 2069],10.023148148148149,9.453703703703704,0.12290245251705656
216,1,2,[2175 2019 1993],[2177 2052 2082],10.023041474654377,9.456221198156681,0.12290245251705656
217,1,2,[2185 2037 1997],[2186 2062 2095],10.022935779816514,9.458715596330276,0.12290245251705656
218,1,2,[2195 2055 2001],[2195 2072 2108],10.02283105022831,9.461187214611872,0.12290245251705656
219,1,2,[2205 2073 2005],[2204 2082 2121],10.022727272727273,9.463636363636363,0.12290245251705656
220,1,2,[2215 2091 2009],[2213 2092 2134],10.02262443438914,9.46606334841629,0.12290245251705656
221,1,2,[2225 2109 2013],[2222 2102 2147],10.022522522522523,9.468468468468469,0.12290245251705656
222,1,2,[2235 2127 2017],[2231 2112 2160],10.022421524663677,9.47085201793722,0.12290245251705656
223,1,2,[2245 2145 2021],[2240 2122 2173],10.022321428571429,9.473214285714286,0.12290245251705656
224,1,2,[2255 2163 2025],[2249 2132 2186],10.022222222222222,9.475555555555555,0.12290245251705656
225,1,2,[2265 2181 2029],[2258 2142 2199],10.02212389380531,9.47787610619469,0.12290245251705656
226,1,2,[2275 2199 2033],[2267 2152 2212],10.022026431718063,9.480176211453745,0.12290245251705656
227,1,2,[2285 2217 2037],[2276 2162 2225],10.021929824561404,9.482456140350877,0.12290245251705656
228,1,2,[2295 2235 2041],[2285 2172 2238],10.02183406113537,9.48471615720524,0.12290245251705656
229,1,2,[2305 2253 2045],[2294 2182 2251],10.021739130434783,9.486956521739131,0.12290245251705656
230,1,2,[2315 2271 2049],[2303 2192 2264],10.021645021645021,9.48917748917749,0.12290245251705656
231,1,2,[2325 2289 2053],[2312 2202 2277],10.02155172413793,9.491379310344827,0.12290245251705656
232,1,2,[2335 2307 2057],[2321 2212 2290],10.021459227467812,9.493562231759658,0.12290245251705656
233,1,2,[2345 2325 2061],[2330 2222 2303],10.021367521367521,9.495726495726496,0.12290245251705656
234,1,2,[2355 2343 2065],[2339 2232 2316],10.02127659574468,9.497872340425532,0.12290245251705656
235,1,2,[2365 2361 2069],[2348 2242 2329],10.021186440677965,9.5,0.12290245251705656
236,1,2,[2375 2379 2073],[2357 2252 2342],10.037974683544304,9.50210970464135,0.12290245251705656
237,2,2,[2385 2397 2077],[2358 2270 2353],10.071428571428571,9.53781512605042,0.12290245251705656
238,2,2,[2395 2415 2081],[2359 2288 2364],10.104602510460252,9.573221757322175,0.12290245251705656
239,2,2,[2405 2433 2085],[2360 2306 2375],10.1375,9.608333333333333,0.12290245251705656
240,2,2,[2415 2451 2089],[2361 2324 2386],10.1701244813278,9.643153526970954,0.12290245251705656
241,2,2,[2425 2469 2093],[2362 2342 2397],10.202479338842975,9.677685950413224,0.12290245251705656
242,2,2,[2435 2487 2097],[2363 2360 2408],10.234567901234568,9.7119341563786,0.12290245251705656
243,2,2,[2445 2505 2101],[2364 2378 2419],10.26639344262295,9.688524590163935,0.12290245251705656
244,2,1,[2454 2506 2118],[2365 2396 2430],10.228571428571428,9.653061224489797,0.12290245251705656
245,2,1,[2463 2507 2135],[2366 2414 2441],10.191056910569106,9.617886178861788,0.12290245251705656
246,2,1,[2472 2508 2152],[2367 2432 2452],10.153846153846153,9.582995951417004,0.12290245251705656
247,2,1,[2481 2509 2169],[2368 2450 2463],10.116935483870968,9.548387096774194,0.12290245251705656
248,2,1,[2490 2510 2186],[2369 2468 2474],10.080321285140561,9.514056224899598,0.12290245251705656
249,2,1,[2499 2511 2203],[2370 2486 2485],10.044,9.48,0.12290245251705656
250,2,1,[2508 2512 2220],[2371 2504 2496],10.00796812749004,9.44621513944223,0.12290245251705656
251,2,1,[2517 2513 2237],[2372 2522 2507],9.988095238095237,9.412698412698413,0.12290245251705656
252,1,1,[2526 2514 2254],[2381 2532 2520],9.984189723320158,9.411067193675889,0.12290245251705656
253,1,1,[2535 2515 2271],[2390 2542 2533],9.98031496062992,9.409448818897637,0.12290245251705656
254,1,1,[2544 2516 2288],[2399 2552 2546],9.976470588235294,9.407843137254902,0.12290245251705656
255,1,1,[2553 2517 2305],[2408 2562 2559],9.97265625,9.40625,0.12290245251705656
256,1,1,[2562 2518 2322],[2417 2572 2572],9.96887159533074,9.40466926070039,0.12290245251705656
257,1,1,[2571 2519 2339],[2426 2582 2585],9.965116279069768,9.4031007751938,0.12290245251705656
258,1,1,[2580 2520 2356],[2435 2592 2598],9.961389961389962,9.4015444015444,0.12290245251705656
259,1,1,[2589 2521 2373],[2444 2602 2611],9.957692307692307,9.4,0.12290245251705656
260,1,1,[2598 2522 2390],[2453 2612 2624],9.954022988505747,9.398467432950191,0.12290245251705656
261,1,1,[2607 2523 2407],[2462 2622 2637],9.950381679389313,9.396946564885496,0.12290245251705656
262,1,1,[2616 2524 2424],[2471 2632 2650],9.946768060836503,9.395437262357415,0.12290245251705656
263,1,1,[2625 2525 2441],[2480 2642 2663],9.943181818181818,9.393939393939394,0.12290245251705656
264,1,1,[2634 2526 2458],[2489 2652 2676],9.939622641509434,9.39245283018868,0.12290245251705656
265,1,1,[2643 2527 2475],[2498 2662 2689],9.936090225563909,9.390977443609023,0.12290245251705656
266,1,1,[2652 2528 2492],[2507 2672 2702],9.932584269662922,9.389513108614231,0.12290245251705656
267,1,1,[2661 2529 2509],[2516 2682 2715],9.92910447761194,9.388059701492537,0.12290245251705656
268,1,1,[2670 2530 2526],[2525 2692 2728],9.925650557620818,9.386617100371748,0.12290245251705656
269,1,1,[2679 2531 2543],[2534 2702 2741],9.922222222222222,9.385185185185184,0.12290245251705656
270,1,1,[2688 2532 2560],[2543 2712 2754],9.918819188191883,9.383763837638377,0.12290245251705656
271,1,1,[2697 2533 2577],[2552 2722 2767],9.915441176470589,9.382352941176471,0.12290245251705656
272,1,1,[2706 2534 2594],[2561 2732 2780],9.912087912087912,9.380952380952381,0.12290245251705656
273,1,1,[2715 2535 2611],[2570 2742 2793],9.908759124087592,9.379562043795621,0.12290245251705656
274,1,1,[2724 2536 2628],[2579 2752 2806],9.905454545454546,9.378181818181819,0.12290245251705656
275,1,1,[2733 2537 2645],[2588 2762 2819],9.902173913043478,9.376811594202898,0.12290245251705656
276,1,1,[2742 2538 2662],[2597 2772 2832],9.898916967509026,9.375451263537906,0.12290245251705656
277,1,1,[2751 2539 2679],[2606 2782 2845],9.89568345323741,9.37410071942446,0.12290245251705656
278,1,1,[2760 2540 2696],[2615 2792 2858],9.89247311827957,9.372759856630825,0.12290245251705656
279,1,1,[2769 2541 2713],[2624 2802 2871],9.889285714285714,9.371428571428572,0.12290245251705656
280,1,1,[2778 2542 2730],[2633 2812 2884],9.886120996441282,9.370106761565836,0.12290245251705656
281,1,1,[2787 2543 2747],[2642 2822 2897],9.882978723404255,9.368794326241135,0.12290245251705656
282,1,1,[2796 2544 2764],[2651 2832 2910],9.879858657243815,9.36749116607774,0.12290245251705656
283,1,1,[2805 2545 2781],[2660 2842 2923],9.876760563380282,9.366197183098592,0.12290245251705656
284,1,1,[2814 2546 2798],[2669 2852 2936],9.873684210526315,9.364912280701754,0.12290245251705656
285,1,1,[2823 2547 2815],[2678 2862 2949],9.87062937062937,9.363636363636363,0.12290245251705656
286,1,1,[2832 2548 2832],[2687 2872 2962],9.867595818815332,9.362369337979095,0.12290245251705656
287,1,1,[2841 2549 2849],[2696 2882 2975],9.89236111111111,9.36111111111111,0.12290245251705656
288,3,1,[2850 2550 2866],[2713 2886 2975],9.916955017301039,9.387543252595156,0.12290245251705656
289,3,1,[2859 2551 2883],[2730 2890 2975],9.941379310344828,9.413793103448276,0.12290245251705656
290,3,1,[2868 2552 2900],[2747 2894 2975],9.965635738831615,9.439862542955327,0.12290245251705656
291,3,1,[2877 2553 2917],[2764 2898 2975],9.98972602739726,9.465753424657533,0.12290245251705656
292,3,1,[2886 2554 2934],[2781 2902 2975],10.013651877133105,9.491467576791809,0.12290245251705656
293,3,1,[2895 2555 2951],[2798 2906 2975],10.037414965986395,9.517006802721088,0.12290245251705656
294,3,1,[2904 2556 2968],[2815 2910 2975],10.061016949152542,9.542372881355933,0.12290245251705656
295,3,1,[2913 2557 2985],[2832 2914 2975],10.08445945945946,9.567567567567568,0.12290245251705656
296,3,1,[2922 2558 3002],[2849 2918 2975],10.107744107744107,9.592592592592593,0.12290245251705656
297,3,1,[2931 2559 3019],[2866 2922 2975],10.130872483221477,9.61744966442953,0.12290245251705656
298,3,1,[2940 2560 3036],[2883 2926 2975],10.153846153846153,9.642140468227424,0.12290245251705656
299,3,1,[2949 2561 3053],[2900 2930 2975],10.176666666666666,9.666666666666666,0.12290245251705656
300,3,1,[2958 2562 3070],[2917 2934 2975],10.199335548172758,9.691029900332225,0.12290245251705656
301,3,1,[2967 2563 3087],[2934 2938 2975],10.221854304635762,9.71523178807947,0.12290245251705656
302,3,1,[2976 2564 3104],[2951 2942 2975],10.244224422442244,9.709570957095709,0.12290245251705656
303,3,2,[2986 2582 3108],[2968 2946 2975],10.223684210526315,9.69078947368421,0.12290245251705656
304,3,2,[2996 2600 3112],[2985 2950 2975],10.20327868852459,9.672131147540984,0.12290245251705656
305,3,2,[3006 2618 3116],[3002 2954 2975],10.183006535947712,9.65359477124183,0.12290245251705656
306,3,2,[3016 2636 3120],[3019 2958 2975],10.1628664495114,9.635179153094462,0.12290245251705656
307,3,2,[3026 2654 3124],[3036 2962 2975],10.142857142857142,9.616883116883116,0.12290245251705656
308,3,2,[3036 2672 3128],[3053 2966 2975],10.122977346278317,9.598705501618124,0.12290245251705656
309,3,2,[3046 2690 3132],[3070 2970 2975],10.103225806451613,9.580645161290322,0.12290245251705656
310,3,2,[3056 2708 3136],[3087 2974 2975],10.083601286173634,9.562700964630226,0.12290245251705656
311,3,2,[3066 2726 3140],[3104 2978 2975],10.064102564102564,9.53525641025641,0.12290245251705656
312,3,3,[3079 2737 3140],[3121 2982 2975],10.031948881789138,9.504792332268371,0.12290245251705656
313,3,3,[3092 2748 3140],[3138 2986 2975],10.0,9.47452229299363,0.12290245251705656
314,3,3,[3105 2759 3140],[3155 2990 2975],9.968253968253968,9.444444444444445,0.12290245251705656
315,3,3,[3118 2770 3140],[3172 2994 2975],9.936708860759493,9.414556962025317,0.12290245251705656
316,3,3,[3131 2781 3140],[3189 2998 2975],9.905362776025237,9.384858044164037,0.12290245251705656
317,3,3,[3144 2792 3140],[3206 3002 2975],9.88679245283019,9.355345911949685,0.12290245251705656
318,1,3,[3157 2803 3140],[3215 3012 2988],9.89655172413793,9.366771159874608,0.12290245251705656
319,1,3,[3170 2814 3140],[3224 3022 3001],9.90625,9.378125,0.12290245251705656
320,1,3,[3183 2825 3140],[3233 3032 3014],9.91588785046729,9.389408099688474,0.12290245251705656
321,1,3,[3196 2836 3140],[3242 3042 3027],9.925465838509316,9.400621118012422,0.12290245251705656
322,1,3,[3209 2847 3140],[3251 3052 3040],9.93498452012384,9.411764705882353,0.12290245251705656
323,1,3,[3222 2858 3140],[3260 3062 3053],9.944444444444445,9.42283950617284,0.12290245251705656
324,1,3,[3235 2869 3140],[3269 3072 3066],9.953846153846154,9.433846153846154,0.12290245251705656
325,1,3,[3248 2880 3140],[3278 3082 3079],9.963190184049079,9.44478527607362,0.12290245251705656
326,1,3,[3261 2891 3140],[3287 3092 3092],9.972477064220184,9.45565749235474,0.12290245251705656
327,1,3,[3274 2902 3140],[3296 3102 3105],9.981707317073171,9.457317073170731,0.12290245251705656
328,1,2,[3284 2920 3144],[3305 3112 3118],9.98176291793313,9.458966565349543,0.12290245251705656
329,1,2,[3294 2938 3148],[3314 3122 3131],9.981818181818182,9.460606060606061,0.12290245251705656
330,1,2,[3304 2956 3152],[3323 3132 3144],9.981873111782477,9.462235649546828,0.12290245251705656
331,1,2,[3314 2974 3156],[3332 3142 3157],9.981927710843374,9.463855421686747,0.12290245251705656
332,1,2,[3324 2992 3160],[3341 3152 3170],9.981981981981981,9.465465465465465,0.12290245251705656
333,1,2,[3334 3010 3164],[3350 3162 3183],9.982035928143713,9.467065868263473,0.12290245251705656
334,1,2,[3344 3028 3168],[3359 3172 3196],9.982089552238806,9.468656716417911,0.12290245251705656
335,1,2,[3354 3046 3172],[3368 3182 3209],9.982142857142858,9.470238095238095,0.12290245251705656
336,1,2,[3364 3064 3176],[3377 3192 3222],9.98219584569733,9.47181008902077,0.12290245251705656
337,1,2,[3374 3082 3180],[3386 3202 3235],9.982248520710058,9.47337278106509,0.12290245251705656
338,1,2,[3384 3100 3184],[3395 3212 3248],9.982300884955752,9.474926253687316,0.12290245251705656
339,1,2,[3394 3118 3188],[3404 3222 3261],9.98235294117647,9.476470588235294,0.12290245251705656
340,1,2,[3404 3136 3192],[3413 3232 3274],9.982404692082111,9.47800586510264,0.12290245251705656
341,1,2,[3414 3154 3196],[3422 3242 3287],9.982456140350877,9.47953216374269,0.12290245251705656
342,1,2,[3424 3172 3200],[3431 3252 3300],9.982507288629737,9.481049562682216,0.12290245251705656
343,1,2,[3434 3190 3204],[3440 3262 3313],9.982558139534884,9.482558139534884,0.12290245251705656
344,1,2,[3444 3208 3208],[3449 3272 3326],9.982608695652173,9.484057971014492,0.12290245251705656
345,1,2,[3454 3226 3212],[3458 3282 3339],9.982658959537572,9.485549132947977,0.12290245251705656
346,1,2,[3464 3244 3216],[3467 3292 3352],9.982708933717579,9.487031700288185,0.12290245251705656
347,1,2,[3474 3262 3220],[3476 3302 3365],9.982758620689655,9.488505747126437,0.12290245251705656
348,1,2,[3484 3280 3224],[3485 3312 3378],9.982808022922637,9.489971346704872,0.12290245251705656
349,1,2,[3494 3298 3228],[3494 3322 3391],9.982857142857142,9.491428571428571,0.12290245251705656
350,1,2,[3504 3316 3232],[3503 3332 3404],9.982905982905983,9.492877492877493,0.12290245251705656
351,1,2,[3514 3334 3236],[3512 3342 3417],9.982954545454545,9.494318181818182,0.12290245251705656
352,1,2,[3524 3352 3240],[3521 3352 3430],9.98300283286119,9.495750708215297,0.12290245251705656
353,1,2,[3534 3370 3244],[3530 3362 3443],9.983050847457626,9.497175141242938,0.12290245251705656
354,1,2,[3544 3388 3248],[3539 3372 3456],9.983098591549295,9.498591549295774,0.12290245251705656
355,1,2,[3554 3406 3252],[3548 3382 3469],9.98314606741573,9.5,0.12290245251705656
356,1,2,[3564 3424 3256],[3557 3392 3482],9.983193277310924,9.50140056022409,0.12290245251705656
357,1,2,[3574 3442 3260],[3566 3402 3495],9.983240223463687,9.502793296089385,0.12290245251705656
358,1,2,[3584 3460 3264],[3575 3412 3508],9.983286908077995,9.504178272980502,0.12290245251705656
359,1,2,[3594 3478 3268],[3584 3422 3521],9.983333333333333,9.505555555555556,0.12290245251705656
360,1,2,[3604 3496 3272],[3593 3432 3534],9.983379501385041,9.506925207756233,0.12290245251705656
361,1,2,[3614 3514 3276],[3602 3442 3547],9.98342541436464,9.508287292817679,0.12290245251705656
362,1,2,[3624 3532 3280],[3611 3452 3560],9.983471074380166,9.509641873278238,0.12290245251705656
363,1,2,[3634 3550 3284],[3620 3462 3573],9.983516483516484,9.510989010989011,0.12290245251705656
364,1,2,[3644 3568 3288],[3629 3472 3586],9.983561643835616,9.512328767123288,0.12290245251705656
365,1,2,[3654 3586 3292],[3638 3482 3599],9.98360655737705,9.513661202185792,0.12290245251705656
366,1,2,[3664 3604 3296],[3647 3492 3612],9.983651226158038,9.514986376021799,0.12290245251705656
367,1,2,[3674 3622 3300],[3656 3502 3625],9.983695652173912,9.516304347826088,0.12290245251705656
368,1,2,[3684 3640 3304],[3665 3512 3638],9.983739837398375,9.517615176151761,0.12290245251705656
369,1,2,[3694 3658 3308],[3674 3522 3651],9.983783783783784,9.518918918918919,0.12290245251705656
370,1,2,[3704 3676 3312],[3683 3532 3664],9.983827493261456,9.520215633423181,0.12290245251705656
371,1,2,[3714 3694 3316],[3692 3542 3677],9.983870967741936,9.521505376344086,0.12290245251705656
372,1,2,[3724 3712 3320],[3701 3552 3690],9.983914209115282,9.52278820375335,0.12290245251705656
373,1,2,[3734 3730 3324],[3710 3562 3703],9.983957219251337,9.524064171122994,0.12290245251705656
374,1,2,[3744 3748 3328],[3719 3572 3716],9.994666666666667,9.525333333333334,0.12290245251705656
375,2,2,[3754 3766 3332],[3720 3590 3727],10.01595744680851,9.547872340425531,0.12290245251705656
376,2,2,[3764 3784 3336],[3721 3608 3738],10.037135278514588,9.570291777188329,0.12290245251705656
377,2,2,[3774 3802 3340],[3722 3626 3749],10.058201058201059,9.592592592592593,0.12290245251705656
378,2,2,[3784 3820 3344],[3723 3644 3760],10.07915567282322,9.614775725593667,0.12290245251705656
379,2,2,[3794 3838 3348],[3724 3662 3771],10.1,9.636842105263158,0.12290245251705656
380,2,2,[3804 3856 3352],[3725 3680 3782],10.120734908136482,9.658792650918635,0.12290245251705656
381,2,2,[3814 3874 3356],[3726 3698 3793],10.141361256544503,9.680628272251308,0.12290245251705656
382,2,2,[3824 3892 3360],[3727 3716 3804],10.161879895561357,9.702349869451696,0.12290245251705656
383,2,2,[3834 3910 3364],[3728 3734 3815],10.182291666666666,9.708333333333334,0.12290245251705656
384,2,1,[3843 3911 3381],[3729 3752 3826],10.158441558441558,9.685714285714285,0.12290245251705656
385,2,1,[3852 3912 3398],[3730 3770 3837],10.134715025906736,9.663212435233161,0.12290245251705656
386,2,1,[3861 3913 3415],[3731 3788 3848],10.11111111111111,9.640826873385013,0.12290245251705656
387,2,1,[3870 3914 3432],[3732 3806 3859],10.087628865979381,9.618556701030927,0.12290245251705656
388,2,1,[3879 3915 3449],[3733 3824 3870],10.06426735218509,9.596401028277635,0.12290245251705656
389,2,1,[3888 3916 3466],[3734 3842 3881],10.04102564102564,9.574358974358974,0.12290245251705656
390,2,1,[3897 3917 3483],[3735 3860 3892],10.017902813299234,9.552429667519181,0.12290245251705656
391,2,1,[3906 3918 3500],[3736 3878 3903],9.994897959183673,9.53061224489796,0.12290245251705656
392,2,1,[3915 3919 3517],[3737 3896 3914],9.97201017811705,9.508905852417303,0.12290245251705656
393,2,1,[3924 3920 3534],[3738 3914 3925],9.959390862944163,9.48730964467005,0.12290245251705656
394,1,1,[3933 3921 3551],[3747 3924 3938],9.956962025316455,9.48607594936709,0.12290245251705656
395,1,1,[3942 3922 3568],[3756 3934 3951],9.954545454545455,9.484848484848484,0.12290245251705656
396,1,1,[3951 3923 3585],[3765 3944 3964],9.952141057934508,9.483627204030226,0.12290245251705656
397,1,1,[3960 3924 3602],[3774 3954 3977],9.949748743718592,9.482412060301508,0.12290245251705656
398,1,1,[3969 3925 3619],[3783 3964 3990],9.947368421052632,9.481203007518797,0.12290245251705656
399,1,1,[3978 3926 3636],[3792 3974 4003],9.945,9.48,0.12290245251705656
400,1,1,[3987 3927 3653],[3801 3984 4016],9.942643391521196,9.478802992518704,0.12290245251705656
401,1,1,[3996 3928 3670],[3810 3994 4029],9.940298507462687,9.477611940298507,0.12290245251705656
402,1,1,[4005 3929 3687],[3819 4004 4042],9.937965260545905,9.476426799007443,0.12290245251705656
403,1,1,[4014 3930 3704],[3828 4014 4055],9.935643564356436,9.475247524752476,0.12290245251705656
404,1,1,[4023 3931 3721],[3837 4024 4068],9.933333333333334,9.474074074074075,0.12290245251705656
405,1,1,[4032 3932 3738],[3846 4034 4081],9.931034482758621,9.472906403940886,0.12290245251705656
406,1,1,[4041 3933 3755],[3855 4044 4094],9.928746928746929,9.471744471744472,0.12290245251705656
407,1,1,[4050 3934 3772],[3864 4054 4107],9.926470588235293,9.470588235294118,0.12290245251705656
408,1,1,[4059 3935 3789],[3873 4064 4120],9.924205378973106,9.469437652811736,0.12290245251705656
409,1,1,[4068 3936 3806],[3882 4074 4133],9.921951219512195,9.46829268292683,0.12290245251705656
410,1,1,[4077 3937 3823],[3891 4084 4146],9.91970802919708,9.467153284671532,0.12290245251705656
411,1,1,[4086 3938 3840],[3900 4094 4159],9.91747572815534,9.466019417475728,0.12290245251705656
412,1,1,[4095 3939 3857],[3909 4104 4172],9.915254237288135,9.464891041162227,0.12290245251705656
413,1,1,[4104 3940 3874],[3918 4114 4185],9.91304347826087,9.46376811594203,0.12290245251705656
414,1,1,[4113 3941 3891],[3927 4124 4198],9.910843373493975,9.462650602409639,0.12290245251705656
415,1,1,[4122 3942 3908],[3936 4134 4211],9.908653846153847,9.461538461538462,0.12290245251705656
416,1,1,[4131 3943 3925],[3945 4144 4224],9.906474820143885,9.46043165467626,0.12290245251705656
417,1,1,[4140 3944 3942],[3954 4154 4237],9.904306220095695,9.45933014354067,0.12290245251705656
418,1,1,[4149 3945 3959],[3963 4164 4250],9.902147971360382,9.458233890214798,0.12290245251705656
419,1,1,[4158 3946 3976],[3972 4174 4263],9.9,9.457142857142857,0.12290245251705656
420,1,1,[4167 3947 3993],[3981 4184 4276],9.897862232779097,9.45605700712589,0.12290245251705656
421,1,1,[4176 3948 4010],[3990 4194 4289],9.895734597156398,9.454976303317535,0.12290245251705656
422,1,1,[4185 3949 4027],[3999 4204 4302],9.893617021276595,9.453900709219859,0.12290245251705656
423,1,1,[4194 3950 4044],[4008 4214 4315],9.891509433962264,9.452830188679245,0.12290245251705656
424,1,1,[4203 3951 4061],[4017 4224 4328],9.889411764705882,9.451764705882352,0.12290245251705656
425,1,1,[4212 3952 4078],[4026 4234 4341],9.887323943661972,9.450704225352112,0.12290245251705656
426,1,1,[4221 3953 4095],[4035 4244 4354],9.885245901639344,9.449648711943794,0.12290245251705656
427,1,1,[4230 3954 4112],[4044 4254 4367],9.883177570093459,9.448598130841122,0.12290245251705656
428,1,1,[4239 3955 4129],[4053 4264 4380],9.881118881118882,9.447552447552448,0.12290245251705656
429,1,1,[4248 3956 4146],[4062 4274 4393],9.87906976744186,9.446511627906977,0.12290245251705656
430,1,1,[4257 3957 4163],[4071 4284 4406],9.877030162412993,9.445475638051045,0.12290245251705656
431,1,1,[4266 3958 4180],[4080 4294 4419],9.875,9.444444444444445,0.12290245251705656
432,1,1,[4275 3959 4197],[4089 4304 4432],9.872979214780601,9.443418013856814,0.12290245251705656
433,1,1,[4284 3960 4214],[4098 4314 4445],9.870967741935484,9.442396313364055,0.12290245251705656
434,1,1,[4293 3961 4231],[4107 4324 4458],9.86896551724138,9.441379310344828,0.12290245251705656
435,1,1,[4302 3962 4248],[4116 4334 4471],9.86697247706422,9.440366972477063,0.12290245251705656
436,1,1,[4311 3963 4265],[4125 4344 4484],9.864988558352403,9.439359267734554,0.12290245251705656
437,1,1,[4320 3964 4282],[4134 4354 4497],9.863013698630137,9.438356164383562,0.12290245251705656
438,1,1,[4329 3965 4299],[4143 4364 4510],9.861047835990888,9.437357630979498,0.12290245251705656
439,1,1,[4338 3966 4316],[4152 4374 4523],9.85909090909091,9.436363636363636,0.12290245251705656
440,1,1,[4347 3967 4333],[4161 4384 4536],9.857142857142858,9.435374149659864,0.12290245251705656
441,1,1,[4356 3968 4350],[4170 4394 4549],9.855203619909503,9.434389140271493,0.12290245251705656
442,1,1,[4365 3969 4367],[4179 4404 4562],9.857787810383748,9.433408577878104,0.12290245251705656
443,3,1,[4374 3970 4384],[4196 4408 4562],9.873873873873874,9.45045045045045,0.12290245251705656
444,3,1,[4383 3971 4401],[4213 4412 4562],9.889887640449437,9.467415730337079,0.12290245251705656
445,3,1,[4392 3972 4418],[4230 4416 4562],9.905829596412556,9.484304932735427,0.12290245251705656
446,3,1,[4401 3973 4435],[4247 4420 4562],9.921700223713646,9.501118568232663,0.12290245251705656
447,3,1,[4410 3974 4452],[4264 4424 4562],9.9375,9.517857142857142,0.12290245251705656
448,3,1,[4419 3975 4469],[4281 4428 4562],9.953229398663698,9.534521158129175,0.12290245251705656
449,3,1,[4428 3976 4486],[4298 4432 4562],9.96888888888889,9.551111111111112,0.12290245251705656
450,3,1,[4437 3977 4503],[4315 4436 4562],9.984478935698448,9.567627494456763,0.12290245251705656
451,3,1,[4446 3978 4520],[4332 4440 4562],10.0,9.584070796460177,0.12290245251705656
452,3,1,[4455 3979 4537],[4349 4444 4562],10.015452538631347,9.600441501103752,0.12290245251705656
453,3,1,[4464 3980 4554],[4366 4448 4562],10.030837004405287,9.616740088105727,0.12290245251705656
454,3,1,[4473 3981 4571],[4383 4452 4562],10.046153846153846,9.632967032967032,0.12290245251705656
455,3,1,[4482 3982 4588],[4400 4456 4562],10.06140350877193,9.649122807017545,0.12290245251705656
456,3,1,[4491 3983 4605],[4417 4460 4562],10.076586433260394,9.665207877461707,0.12290245251705656
457,3,1,[4500 3984 4622],[4434 4464 4562],10.091703056768559,9.681222707423581,0.12290245251705656
458,3,1,[4509 3985 4639],[4451 4468 4562],10.106753812636166,9.697167755991286,0.12290245251705656
459,3,1,[4518 3986 4656],[4468 4472 4562],10.121739130434783,9.71304347826087,0.12290245251705656
460,3,1,[4527 3987 4673],[4485 4476 4562],10.136659436008676,9.709327548806941,0.12290245251705656
461,3,2,[4537 4005 4677],[4502 4480 4562],10.123376623376624,9.696969696969697,0.12290245251705656
462,3,2,[4547 4023 4681],[4519 4484 4562],10.110151187904968,9.684665226781858,0.12290245251705656
463,3,2,[4557 4041 4685],[4536 4488 4562],10.09698275862069,9.672413793103448,0.12290245251705656
464,3,2,[4567 4059 4689],[4553 4492 4562],10.083870967741936,9.66021505376344,0.12290245251705656
465,3,2,[4577 4077 4693],[4570 4496 4562],10.070815450643776,9.648068669527897,0.12290245251705656
466,3,2,[4587 4095 4697],[4587 4500 4562],10.057815845824411,9.635974304068522,0.12290245251705656
467,3,2,[4597 4113 4701],[4604 4504 4562],10.044871794871796,9.623931623931623,0.12290245251705656
468,3,2,[4607 4131 4705],[4621 4508 4562],10.031982942430703,9.611940298507463,0.12290245251705656
469,3,2,[4617 4149 4709],[4638 4512 4562],10.019148936170213,9.6,0.12290245251705656
470,3,2,[4627 4167 4713],[4655 4516 4562],10.006369426751592,9.588110403397028,0.12290245251705656
471,3,2,[4637 4185 4717],[4672 4520 4562],9.99364406779661,9.576271186440678,0.12290245251705656
472,3,2,[4647 4203 4721],[4689 4524 4562],9.980972515856237,9.56448202959831,0.12290245251705656
473,3,2,[4657 4221 4725],[4706 4528 4562],9.968354430379748,9.552742616033756,0.12290245251705656
474,3,2,[4667 4239 4729],[4723 4532 4562],9.955789473684211,9.541052631578948,0.12290245251705656
475,3,2,[4677 4257 4733],[4740 4536 4562],9.943277310924369,9.529411764705882,0.12290245251705656
476,3,2,[4687 4275 4737],[4757 4540 4562],9.930817610062894,9.517819706498951,0.12290245251705656
477,3,2,[4697 4293 4741],[4774 4544 4562],9.918410041841005,9.506276150627615,0.12290245251705656
478,3,2,[4707 4311 4745],[4791 4548 4562],9.906054279749478,9.494780793319416,0.12290245251705656
479,3,2,[4717 4329 4749],[4808 4552 4562],9.89375,9.483333333333333,0.12290245251705656
480,3,2,[4727 4347 4753],[4825 4556 4562],9.881496881496881,9.471933471933472,0.12290245251705656
481,3,2,[4737 4365 4757],[4842 4560 4562],9.869294605809129,9.46058091286307,0.12290245251705656
482,3,2,[4747 4383 4761],[4859 4564 4562],9.857142857142858,9.445134575569359,0.12290245251705656
483,3,3,[4760 4394 4761],[4876 4568 4562],9.836776859504132,9.425619834710744,0.11485172581429204
484,3,3,[4773 4405 4761],[4893 4572 4562],9.841237113402062,9.40618556701031,0.11485172581429204
485,1,3,[4786 4416 4761],[4902 4582 4575],9.847736625514404,9.41358024691358,0.11485172581429204
486,1,3,[4799 4427 4761],[4911 4592 4588],9.854209445585216,9.42094455852156,0.11485172581429204
487,1,3,[4812 4438 4761],[4920 4602 4601],9.860655737704919,9.42827868852459,0.11485172581429204
488,1,3,[4825 4449 4761],[4929 4612 4614],9.867075664621677,9.431492842535787,0.11485172581429204
489,1,2,[4835 4467 4765],[4938 4622 4627],9.86734693877551,9.43265306122449,0.11485172581429204
490,1,2,[4845 4485 4769],[4947 4632 4640],9.867617107942973,9.433808553971486,0.11485172581429204
491,1,2,[4855 4503 4773],[4956 4642 4653],9.867886178861788,9.434959349593496,0.11485172581429204
492,1,2,[4865 4521 4777],[4965 4652 4666],9.86815415821501,9.436105476673427,0.11485172581429204
493,1,2,[4875 4539 4781],[4974 4662 4679],9.868421052631579,9.437246963562753,0.11485172581429204
494,1,2,[4885 4557 4785],[4983 4672 4692],9.868686868686869,9.438383838383839,0.11485172581429204
495,1,2,[4895 4575 4789],[4992 4682 4705],9.868951612903226,9.439516129032258,0.11485172581429204
496,1,2,[4905 4593 4793],[5001 4692 4718],9.869215291750503,9.440643863179075,0.11485172581429204
497,1,2,[4915 4611 4797],[5010 4702 4731],9.869477911646586,9.441767068273093,0.11485172581429204
498,1,2,[4925 4629 4801],[5019 4712 4744],9.869739478957916,9.442885771543086,0.11485172581429204
499,1,2,[4935 4647 4805],[5028 4722 4757],9.87,9.444,0.11485172581429204
500,1,2,[4945 4665 4809],[5037 4732 4770],9.870259481037925,9.445109780439122,0.11485172581429204
501,1,2,[4955 4683 4813],[5046 4742 4783],9.870517928286853,9.44621513944223,0.11485172581429204
502,1,2,[4965 4701 4817],[5055 4752 4796],9.870775347912526,9.447316103379721,0.11485172581429204
503,1,2,[4975 4719 4821],[5064 4762 4809],9.871031746031745,9.448412698412698,0.11485172581429204
504,1,2,[4985 4737 4825],[5073 4772 4822],9.871287128712872,9.449504950495049,0.11485172581429204
505,1,2,[4995 4755 4829],[5082 4782 4835],9.871541501976285,9.450592885375494,0.11485172581429204
506,1,2,[5005 4773 4833],[5091 4792 4848],9.871794871794872,9.451676528599606,0.11485172581429204
507,1,2,[5015 4791 4837],[5100 4802 4861],9.872047244094489,9.452755905511811,0.11485172581429204
508,1,2,[5025 4809 4841],[5109 4812 4874],9.87229862475442,9.453831041257367,0.11485172581429204
509,1,2,[5035 4827 4845],[5118 4822 4887],9.872549019607844,9.454901960784314,0.11485172581429204
510,1,2,[5045 4845 4849],[5127 4832 4900],9.87279843444227,9.4559686888454,0.11485172581429204
511,1,2,[5055 4863 4853],[5136 4842 4913],9.873046875,9.45703125,0.11485172581429204
512,1,2,[5065 4881 4857],[5145 4852 4926],9.873294346978557,9.458089668615985,0.11485172581429204
513,1,2,[5075 4899 4861],[5154 4862 4939],9.873540856031129,9.459143968871595,0.11485172581429204
514,1,2,[5085 4917 4865],[5163 4872 4952],9.87378640776699,9.460194174757282,0.11485172581429204
515,1,2,[5095 4935 4869],[5172 4882 4965],9.874031007751938,9.46124031007752,0.11485172581429204
516,1,2,[5105 4953 4873],[5181 4892 4978],9.874274661508704,9.462282398452611,0.11485172581429204
517,1,2,[5115 4971 4877],[5190 4902 4991],9.874517374517374,9.463320463320464,0.11485172581429204
518,1,2,[5125 4989 4881],[5199 4912 5004],9.8747591522158,9.464354527938342,0.11485172581429204
519,1,2,[5135 5007 4885],[5208 4922 5017],9.875,9.465384615384615,0.11485172581429204
520,1,2,[5145 5025 4889],[5217 4932 5030],9.875239923224568,9.466410748560461,0.11485172581429204
521,1,2,[5155 5043 4893],[5226 4942 5043],9.875478927203066,9.46743295019157,0.11485172581429204
522,1,2,[5165 5061 4897],[5235 4952 5056],9.875717017208412,9.468451242829827,0.11485172581429204
523,1,2,[5175 5079 4901],[5244 4962 5069],9.875954198473282,9.469465648854962,0.11485172581429204
524,1,2,[5185 5097 4905],[5253 4972 5082],9.876190476190477,9.470476190476191,0.11485172581429204
525,1,2,[5195 5115 4909],[5262 4982 5095],9.876425855513308,9.47148288973384,0.11485172581429204
526,1,2,[5205 5133 4913],[5271 4992 5108],9.876660341555977,9.472485768500949,0.11485172581429204
527,1,2,[5215 5151 4917],[5280 5002 5121],9.87689393939394,9.473484848484848,0.11485172581429204
528,1,2,[5225 5169 4921],[5289 5012 5134],9.877126654064272,9.474480151228734,0.11485172581429204
529,1,2,[5235 5187 4925],[5298 5022 5147],9.877358490566039,9.475471698113207,0.11485172581429204
530,1,2,[5245 5205 4929],[5307 5032 5160],9.87758945386064,9.476459510357815,0.11485172581429204
531,1,2,[5255 5223 4933],[5316 5042 5173],9.87781954887218,9.477443609022556,0.11485172581429204
532,1,2,[5265 5241 4937],[5325 5052 5186],9.878048780487806,9.47842401500938,0.11485172581429204
533,1,2,[5275 5259 4941],[5334 5062 5199],9.878277153558052,9.47940074906367,0.11485172581429204
534,1,2,[5285 5277 4945],[5343 5072 5212],9.878504672897197,9.480373831775701,0.11485172581429204
535,1,2,[5295 5295 4949],[5352 5082 5225],9.878731343283581,9.48134328358209,0.11485172581429204
536,2,2,[5305 5313 4953],[5353 5100 5236],9.893854748603353,9.497206703910615,0.11485172581429204
537,2,2,[5315 5331 4957],[5354 5118 5247],9.908921933085502,9.513011152416357,0.11485172581429204
538,2,2,[5325 5349 4961],[5355 5136 5258],9.923933209647496,9.528756957328385,0.11485172581429204
539,2,2,[5335 5367 4965],[5356 5154 5269],9.938888888888888,9.544444444444444,0.11485172581429204
540,2,2,[5345 5385 4969],[5357 5172 5280],9.953789279112755,9.560073937153419,0.11485172581429204
541,2,2,[5355 5403 4973],[5358 5190 5291],9.968634686346864,9.575645756457565,0.11485172581429204
542,2,2,[5365 5421 4977],[5359 5208 5302],9.98342541436464,9.591160220994475,0.11485172581429204
543,2,2,[5375 5439 4981],[5360 5226 5313],9.998161764705882,9.606617647058824,0.11485172581429204
544,2,2,[5385 5457 4985],[5361 5244 5324],10.012844036697247,9.622018348623854,0.11485172581429204
545,2,2,[5395 5475 4989],[5362 5262 5335],10.027472527472527,9.637362637362637,0.11485172581429204
546,2,2,[5405 5493 4993],[5363 5280 5346],10.042047531992687,9.652650822669104,0.11485172581429204
547,2,2,[5415 5511 4997],[5364 5298 5357],10.056569343065693,9.667883211678832,0.11485172581429204
548,2,2,[5425 5529 5001],[5365 5316 5368],10.07103825136612,9.683060109289617,0.11485172581429204
549,2,2,[5435 5547 5005],[5366 5334 5379],10.085454545454546,9.698181818181817,0.11485172581429204
550,2,2,[5445 5565 5009],[5367 5352 5390],10.099818511796734,9.713248638838476,0.11485172581429204
551,2,2,[5455 5583 5013],[5368 5370 5401],10.11413043478261,9.72463768115942,0.11213917834471232
552,2,1,[5464 5584 5030],[5369 5388 5412],10.097649186256781,9.708860759493671,0.11213917834471232
553,2,1,[5473 5585 5047],[5370 5406 5423],10.081227436823104,9.693140794223826,0.11213917834471232
554,2,1,[5482 5586 5064],[5371 5424 5434],10.064864864864864,9.677477477477478,0.11213917834471232
555,2,1,[5491 5587 5081],[5372 5442 5445],10.048561151079136,9.661870503597122,0.11213917834471232
556,2,1,[5500 5588 5098],[5373 5460 5456],10.032315978456014,9.646319569120287,0.11213917834471232
557,2,1,[5509 5589 5115],[5374 5478 5467],10.016129032258064,9.630824372759857,0.11213917834471232
558,2,1,[5518 5590 5132],[5375 5496 5478],10.0,9.615384615384615,0.11213917834471232
559,2,1,[5527 5591 5149],[5376 5514 5489],9.98392857142857,9.6,0.11213917834471232
560,2,1,[5536 5592 5166],[5377 5532 5500],9.967914438502675,9.584670231729055,0.11213917834471232
561,2,1,[5545 5593 5183],[5378 5550 5511],9.951957295373665,9.569395017793594,0.11213917834471232
562,2,1,[5554 5594 5200],[5379 5568 5522],9.936056838365896,9.554174067495559,0.11213917834471232
563,2,1,[5563 5595 5217],[5380 5586 5533],9.920212765957446,9.539007092198581,0.11213917834471232
564,2,1,[5572 5596 5234],[5381 5604 5544],9.904424778761062,9.523893805309735,0.11213917834471232
565,2,1,[5581 5597 5251],[5382 5622 5555],9.8886925795053,9.508833922261484,0.11213917834471232
566,2,1,[5590 5598 5268],[5383 5640 5566],9.873015873015873,9.493827160493828,0.11213917834471232
567,2,1,[5599 5599 5285],[5384 5658 5577],9.857394366197184,9.47887323943662,0.11213917834471232
568,2,1,[5608 5600 5302],[5385 5676 5588],9.855887521968366,9.46397188049209,0.11213917834471232
569,1,1,[5617 5601 5319],[5394 5686 5601],9.85438596491228,9.463157894736842,0.11213917834471232
570,1,1,[5626 5602 5336],[5403 5696 5614],9.852889667250437,9.462346760070053,0.11213917834471232
571,1,1,[5635 5603 5353],[5412 5706 5627],9.851398601398602,9.461538461538462,0.11213917834471232
572,1,1,[5644 5604 5370],[5421 5716 5640],9.849912739965095,9.460732984293193,0.11213917834471232
573,1,1,[5653 5605 5387],[5430 5726 5653],9.848432055749129,9.45993031358885,0.11213917834471232
574,1,1,[5662 5606 5404],[5439 5736 5666],9.84695652173913,9.459130434782608,0.11213917834471232
575,1,1,[5671 5607 5421],[5448 5746 5679],9.84548611111111,9.458333333333334,0.11213917834471232
576,1,1,[5680 5608 5438],[5457 5756 5692],9.844020797227037,9.457538994800693,0.11213917834471232
577,1,1,[5689 5609 5455],[5466 5766 5705],9.842560553633218,9.456747404844291,0.11213917834471232
578,1,1,[5698 5610 5472],[5475 5776 5718],9.841105354058723,9.455958549222798,0.11213917834471232
579,1,1,[5707 5611 5489],[5484 5786 5731],9.839655172413794,9.455172413793104,0.11213917834471232
580,1,1,[5716 5612 5506],[5493 5796 5744],9.838209982788296,9.454388984509466,0.11213917834471232
581,1,1,[5725 5613 5523],[5502 5806 5757],9.836769759450172,9.45360824742268,0.11213207829075245
582,1,1,[5734 5614 5540],[5511 5816 5770],9.835334476843911,9.452830188679245,0.11069679568449153
583,1,1,[5743 5615 5557],[5520 5826 5783],9.83390410958904,9.452054794520548,0.10926642842962053
584,1,1,[5752 5616 5574],[5529 5836 5796],9.832478632478633,9.451282051282051,0.10784095131921312
585,1,1,[5761 5617 5591],[5538 5846 5809],9.831058020477816,9.450511945392492,0.10642033931839556
586,1,1,[5770 5618 5608],[5547 5856 5822],9.829642248722317,9.449744463373083,0.10500456756289722
587,1,1,[5779 5619 5625],[5556 5866 5835],9.828231292517007,9.448979591836734,0.10359361135758682
588,1,1,[5788 5620 5642],[5565 5876 5848],9.826825127334466,9.448217317487266,0.10218744617504605
589,1,1,[5797 5621 5659],[5574 5886 5861],9.82542372881356,9.447457627118643,0.10078604765413957
590,1,1,[5806 5622 5676],[5583 5896 5874],9.824027072758037,9.446700507614214,0.09938939159861704
